,mean_fit_time,std_fit_time,mean_score_time,std_score_time,param_alpha,param_positive,param_selection,param_tol,params,split0_test_score,split1_test_score,split2_test_score,split3_test_score,split4_test_score,mean_test_score,std_test_score,rank_test_score,split0_train_score,split1_train_score,split2_train_score,split3_train_score,split4_train_score,mean_train_score,std_train_score
0,0.4539656639099121,0.4072883958344478,0.0018938064575195312,0.000579987512672794,0.0001,True,cyclic,0.01,"{'alpha': 0.0001, 'positive': True, 'selection': 'cyclic', 'tol': 0.01}",-521.6311895272821,-485.4942499348254,-495.22921146313195,-499.7365778561047,-500.8529234581813,-500.5888304479051,11.833417357226386,49,-494.40419173673456,-503.4197737620882,-501.02243113569017,-499.8571302624989,-499.5583161219098,-499.65236860378434,2.955149627420225
1,0.42514467239379883,0.3916975571505757,0.0017317771911621095,0.0001308501112929671,0.0001,True,cyclic,0.1,"{'alpha': 0.0001, 'positive': True, 'selection': 'cyclic', 'tol': 0.1}",-521.6311709036393,-485.4942414524991,-495.2291912125899,-499.73657630881127,-500.8529234581813,-500.58882066714415,11.83341475452617,48,-494.4041917505009,-503.4197737668338,-501.02243114124974,-499.85713026706566,-499.5583161219098,-499.652368609512,2.9551496243193722
2,0.013477706909179687,0.0007528507739997445,0.001534748077392578,0.00015077327035890138,0.0001,True,cyclic,1,"{'alpha': 0.0001, 'positive': True, 'selection': 'cyclic', 'tol': 1}",-619.0946764822086,-571.7368363636516,-594.2520251573246,-587.3677991742439,-591.582805661106,-592.8068285677069,15.28506058513607,83,-585.3143324662077,-596.7890175437034,-595.5444823872534,-590.8638842341027,-591.1264069917489,-591.9276247246032,4.055217076187038
3,0.4786172389984131,0.3083040911595878,0.0015608787536621094,0.0001749042596261472,0.0001,True,random,0.01,"{'alpha': 0.0001, 'positive': True, 'selection': 'random', 'tol': 0.01}",-521.632785382417,-485.49425145251854,-495.2292039129295,-499.73657654276747,-500.85276934754427,-500.58911732763534,11.833984544338485,53,-494.4041950133256,-503.41977376088323,-501.02243113694306,-499.8571302617241,-499.558316662873,-499.65236936714973,2.955148459967377
4,0.43689780235290526,0.25982559328562926,0.0015207767486572266,0.00014907157454434339,0.0001,True,random,0.1,"{'alpha': 0.0001, 'positive': True, 'selection': 'random', 'tol': 0.1}",-521.6303966434683,-485.4942289841202,-495.2289276136916,-499.73655112115506,-500.8575570618104,-500.58953228484916,11.833187662552533,55,-494.4041932083896,-503.4197737744593,-501.0224316820578,-499.8571302760718,-499.5583859791746,-499.6523829840306,2.955148714174504
5,0.013119220733642578,0.000775875673502457,0.0015999317169189454,0.0001589970299234873,0.0001,True,random,1,"{'alpha': 0.0001, 'positive': True, 'selection': 'random', 'tol': 1}",-564.9196557776711,-637.1784238361755,-546.8758250896454,-587.1704861047062,-558.7745635828927,-578.9837908782182,31.90853025422356,78,-538.8175523422909,-675.0950899102592,-556.372551369258,-587.3204614234279,-559.5919732161436,-583.439525652276,48.39060131475481
6,1.7342671394348144,0.21561199922642577,0.0016499996185302735,0.0001298564776857489,0.0001,False,cyclic,0.01,"{'alpha': 0.0001, 'positive': False, 'selection': 'cyclic', 'tol': 0.01}",-334.9925550409355,-309.31826066888834,-311.3735358482863,-317.9499751378192,-304.2374603366251,-315.5743574065109,10.658525623205124,7,-307.34778777921923,-313.86853360029517,-313.44699399289686,-311.7878141477174,-315.28576146880124,-312.347378197786,2.7373776203650135
7,1.7040069103240967,0.07222600612390244,0.0017110824584960938,4.692654264110212e-05,0.0001,False,cyclic,0.1,"{'alpha': 0.0001, 'positive': False, 'selection': 'cyclic', 'tol': 0.1}",-334.9925550409355,-309.31826066888834,-311.3735358482863,-317.9499751378192,-304.2374603366251,-315.5743574065109,10.658525623205124,7,-307.34778777921923,-313.86853360029517,-313.44699399289686,-311.7878141477174,-315.28576146880124,-312.347378197786,2.7373776203650135
8,0.01570162773132324,0.0002806183880631992,0.0017955303192138672,8.22428681389318e-05,0.0001,False,cyclic,1,"{'alpha': 0.0001, 'positive': False, 'selection': 'cyclic', 'tol': 1}",-475.67371004943266,-428.4690419993988,-435.4747115672279,-434.3059543468839,-433.72781204934716,-441.53024600245806,17.24012209904728,33,-432.5609069375343,-443.8372370298557,-441.8344581465265,-441.7931585952835,-442.22978103465425,-440.45110834877084,4.014961464456858
9,1.7933525562286377,0.02367040115895455,0.0017126083374023437,4.637873221647544e-05,0.0001,False,random,0.01,"{'alpha': 0.0001, 'positive': False, 'selection': 'random', 'tol': 0.01}",-335.0902879018623,-309.3934896325711,-311.2246126180639,-317.16861831649976,-303.55039930833334,-315.28548155546605,10.813833170270392,4,-307.3291393009182,-313.73132980670323,-313.21076832203096,-311.8402852775152,-315.04974043504626,-312.2322526284428,2.6584627737127073
10,1.7379050254821777,0.03165038054430652,0.0017594337463378907,8.9612609877696e-05,0.0001,False,random,0.1,"{'alpha': 0.0001, 'positive': False, 'selection': 'random', 'tol': 0.1}",-335.1164982282934,-309.15752302478575,-311.26942918788575,-317.2248643377427,-303.7383184305245,-315.3013266418464,10.807836981813056,5,-307.3157212085176,-313.5550959326109,-313.25735835084066,-311.74560793974535,-314.75173588102194,-312.12510386254723,2.5884455557529815
11,0.01632218360900879,0.000303647768250351,0.0017549991607666016,0.00015726057669085183,0.0001,False,random,1,"{'alpha': 0.0001, 'positive': False, 'selection': 'random', 'tol': 1}",-458.1839440150622,-425.656380796063,-426.43987045099817,-432.4860454334107,-451.599630506482,-438.8731742404032,13.453137959966078,31,-418.18577177726684,-437.2145157849754,-425.9596289914182,-430.3070008798337,-462.67535592030214,-434.86845467075926,15.213242284601446
12,0.25763740539550783,0.2823120863654586,0.0016525745391845702,0.00016414274036035423,0.001,True,cyclic,0.01,"{'alpha': 0.001, 'positive': True, 'selection': 'cyclic', 'tol': 0.01}",-521.6351896649396,-485.492494602096,-495.2232134857105,-499.7378672169255,-500.85237296178457,-500.5882275862912,11.835810313677692,46,-494.4042191320171,-503.4197967589149,-501.0224541018365,-499.857153136317,-499.55835070908654,-499.65239476763446,2.9551479868162116
13,0.2172764301300049,0.24028430827276745,0.001776409149169922,8.699206241158718e-05,0.001,True,cyclic,0.1,"{'alpha': 0.001, 'positive': True, 'selection': 'cyclic', 'tol': 0.1}",-521.6354870247792,-485.4924000998669,-495.2229599562109,-499.7379449486808,-500.85228813958446,-500.5882160338244,11.83596166479304,45,-494.40421897668443,-503.4197962206804,-501.02245469459893,-499.8571527620879,-499.5583519602578,-499.6523949228619,2.9551479465675525
14,0.014836740493774415,0.0003034901782937833,0.0018890380859375,7.022313983267792e-05,0.001,True,cyclic,1,"{'alpha': 0.001, 'positive': True, 'selection': 'cyclic', 'tol': 1}",-619.0771842461759,-571.7195950570929,-594.231998393338,-587.3500085077204,-591.5663183077752,-592.7890209024205,15.28494866817466,82,-585.2963373473202,-596.771513775312,-595.5267473558312,-590.8464165168186,-591.1088907392187,-591.9099811469001,4.055334688494642
15,0.48371143341064454,0.19655406516664353,0.0015841960906982423,6.930949066045951e-05,0.001,True,random,0.01,"{'alpha': 0.001, 'positive': True, 'selection': 'random', 'tol': 0.01}",-521.6361823423528,-485.4925010264604,-495.2232765239014,-499.7378366088087,-500.85489987748343,-500.5889392758014,11.836167758841512,52,-494.4042149905638,-503.419796668345,-501.02245400360124,-499.8571531554191,-499.5583418903508,-499.65239214165604,2.9551494820075606
16,0.2868475914001465,0.22644818542141162,0.0015799999237060547,2.7902919909083263e-05,0.001,True,random,0.1,"{'alpha': 0.001, 'positive': True, 'selection': 'random', 'tol': 0.1}",-521.6519199769639,-485.49268082974794,-495.2226608424016,-499.7375910938222,-500.84611346177763,-500.5901932409427,11.84174010641261,57,-494.4045834303219,-503.4197971668373,-501.0224559670035,-499.8571527134775,-499.5586236416556,-499.6525225838592,2.955017127474239
17,0.01447300910949707,0.0009500559518699332,0.001827096939086914,2.0344580207756606e-05,0.001,True,random,1,"{'alpha': 0.001, 'positive': True, 'selection': 'random', 'tol': 1}",-593.1515780484381,-550.2390599373322,-568.4231358720428,-533.2671009636896,-564.2986069963181,-561.8758963635642,19.903684448301348,73,-567.6711429132143,-575.5228664156564,-575.077659318602,-535.2665826338748,-563.7565021138879,-563.4589506790471,14.786298858194922
18,1.7504627227783203,0.019868917833584535,0.001791524887084961,6.879826612578031e-05,0.001,False,cyclic,0.01,"{'alpha': 0.001, 'positive': False, 'selection': 'cyclic', 'tol': 0.01}",-334.9222931176751,-309.41449544363405,-311.43710909738235,-317.91683224888016,-304.2150186592233,-315.58114971335897,10.620027059683308,11,-307.3817849863009,-313.8885396279886,-313.45426963546726,-311.80377906861594,-315.29553663108913,-312.3647819898924,2.7292169885113844
19,1.9060215950012207,0.11163141124669211,0.001839017868041992,4.4398020754764936e-05,0.001,False,cyclic,0.1,"{'alpha': 0.001, 'positive': False, 'selection': 'cyclic', 'tol': 0.1}",-334.9222931176751,-309.41449544363405,-311.43710909738235,-317.91683224888016,-304.2150186592233,-315.58114971335897,10.620027059683308,11,-307.3817849863009,-313.8885396279886,-313.45426963546726,-311.80377906861594,-315.29553663108913,-312.3647819898924,2.7292169885113844
20,0.01667056083679199,0.0002878832460773668,0.0018795967102050782,0.00011813659600589987,0.001,False,cyclic,1,"{'alpha': 0.001, 'positive': False, 'selection': 'cyclic', 'tol': 1}",-475.6912622894294,-428.47639461703216,-435.48617158389186,-434.32412305329683,-433.7568614511587,-441.54696259896184,17.24100474709341,34,-432.57724690106045,-443.8551929010695,-441.8516565610876,-441.80991933697027,-442.2455792673173,-440.46791899350103,4.015273371073036
21,2.263260555267334,0.2374791662611744,0.0019280433654785157,0.00013069708991033565,0.001,False,random,0.01,"{'alpha': 0.001, 'positive': False, 'selection': 'random', 'tol': 0.01}",-335.0488343031242,-309.2904579851676,-311.3479088430359,-317.16743843218006,-303.5480048632407,-315.28052888534967,10.801341550419677,2,-307.38850395917814,-313.7601040522814,-313.3491279191744,-311.66979232580246,-315.00465064183254,-312.23443577965384,2.6474958003865936
22,2.0920604705810546,0.02674131041207773,0.0019304752349853516,0.00019598111618766232,0.001,False,random,0.1,"{'alpha': 0.001, 'positive': False, 'selection': 'random', 'tol': 0.1}",-335.08863449713806,-309.38405179608793,-311.46336514610243,-316.96690672354816,-303.65454780923073,-315.31150119442145,10.767569259400858,6,-307.46900149598287,-313.71638535749184,-313.37071970144626,-311.5870720933179,-314.9780226891249,-312.22424026747274,2.6131402084093796
23,0.016626310348510743,0.0008354192781664106,0.0018874168395996093,5.7605520666939835e-05,0.001,False,random,1,"{'alpha': 0.001, 'positive': False, 'selection': 'random', 'tol': 1}",-476.37991516789015,-427.0429478938849,-404.27279628663644,-430.956184514725,-438.22589801786904,-435.3755483762011,23.434277391675913,29,-446.3489050092263,-436.0124066799767,-410.37106958063987,-439.96056096860934,-445.00255919525824,-435.5391002867421,13.111918515441552
24,0.082647705078125,0.011819710588260311,0.0018388748168945313,0.00013483504685445188,0.01,True,cyclic,0.01,"{'alpha': 0.01, 'positive': True, 'selection': 'cyclic', 'tol': 0.01}",-521.6888275075192,-485.4769881561214,-495.1653404742593,-499.75293253406676,-500.8571908651411,-500.5882559074216,11.863917041577107,47,-494.4065656815171,-503.4220856393707,-501.0247494486863,-499.8594314664711,-499.5608488767178,-499.6547362225526,2.955126625800135
25,0.06562318801879882,0.007735544380446848,0.001912832260131836,4.64734017293782e-05,0.01,True,cyclic,0.1,"{'alpha': 0.01, 'positive': True, 'selection': 'cyclic', 'tol': 0.1}",-521.7466258999269,-485.478317583643,-495.163260353821,-499.752933507632,-500.8585957763513,-500.5999466242748,11.884339253292548,58,-494.40753248130187,-503.42239805852745,-501.02478233752765,-499.85950243102087,-499.5606372010911,-499.6549705018938,2.9548682786598692
26,0.015700149536132812,0.0005895603401138845,0.001993894577026367,0.0001457505640156603,0.01,True,cyclic,1,"{'alpha': 0.01, 'positive': True, 'selection': 'cyclic', 'tol': 1}",-618.9031544560553,-571.5480415823274,-594.0325611788991,-587.1729168912112,-591.4022472678987,-592.6117842752783,15.283849432790438,81,-585.1172459854074,-596.597306111726,-595.3502284264498,-590.6725660717555,-590.9345634813689,-591.7343820153416,4.0565016469838415
27,0.2075641632080078,0.07714279314972271,0.0016106605529785157,5.549257858865811e-05,0.01,True,random,0.01,"{'alpha': 0.01, 'positive': True, 'selection': 'random', 'tol': 0.01}",-521.6855532285518,-485.47717271303674,-495.16567560333226,-499.75268683306706,-500.8552152384419,-500.5872607232859,11.862669216736734,44,-494.406609398889,-503.4221062621613,-501.0247458700417,-499.8594322221895,-499.5609841549277,-499.65477558164184,2.9551151754717773
28,0.142012357711792,0.036061861645522844,0.0018164157867431641,0.00022894925872843271,0.01,True,random,0.1,"{'alpha': 0.01, 'positive': True, 'selection': 'random', 'tol': 0.1}",-521.685590759411,-485.4771490010896,-495.14744481836135,-499.75252247423236,-500.8555423508665,-500.5836498807921,11.864360930409983,43,-494.4065439255531,-503.4222180323028,-501.0337913279934,-499.859416790416,-499.56098332090994,-499.65659067943506,2.956007479804532
29,0.01548318862915039,0.0004054995381501244,0.0019009113311767578,2.099708448057556e-05,0.01,True,random,1,"{'alpha': 0.01, 'positive': True, 'selection': 'random', 'tol': 1}",-575.9989785589984,-554.6540237526727,-584.575043199098,-560.1846115701176,-579.1460361440743,-570.9117386449922,11.48698485578134,76,-545.9054285527995,-578.7301394234205,-593.9223982850341,-555.5093684514669,-575.5619207833693,-569.925851099218,17.14602415991994
30,1.998008632659912,0.034846693443908394,0.0018126010894775391,5.8142387608421e-05,0.01,False,cyclic,0.01,"{'alpha': 0.01, 'positive': False, 'selection': 'cyclic', 'tol': 0.01}",-335.3840991408241,-310.6829610922935,-313.1607106237511,-318.6719800223393,-304.5547657380918,-316.49090332346,10.478584833786092,13,-308.73862535937303,-314.9884726324539,-314.47604057261714,-312.79078990836007,-316.1772905524964,-313.43424380506013,2.5879775391633606
31,2.0166890144348146,0.03335003826333248,0.0018901348114013672,4.683706134700725e-05,0.01,False,cyclic,0.1,"{'alpha': 0.01, 'positive': False, 'selection': 'cyclic', 'tol': 0.1}",-335.3840991408241,-310.6829610922935,-313.1607106237511,-318.6719800223393,-304.5547657380918,-316.49090332346,10.478584833786092,13,-308.73862535937303,-314.9884726324539,-314.47604057261714,-312.79078990836007,-316.1772905524964,-313.43424380506013,2.5879775391633606
32,0.016592931747436524,0.00018188561968954914,0.0018420696258544921,0.00010929097263803907,0.01,False,cyclic,1,"{'alpha': 0.01, 'positive': False, 'selection': 'cyclic', 'tol': 1}",-475.8743352336549,-428.5575207666708,-435.60845513814337,-434.5138668720201,-434.0495187780188,-441.7207393577016,17.25042080368404,36,-432.7483459342747,-444.042471747319,-442.031240763221,-441.9852067345915,-442.4072592069016,-440.64290487726157,4.018042130621312
33,2.0186065673828124,0.0045976447494906455,0.0019482135772705077,8.109268853675717e-05,0.01,False,random,0.01,"{'alpha': 0.01, 'positive': False, 'selection': 'random', 'tol': 0.01}",-336.52657206779685,-311.52568736755745,-314.1012097549866,-318.6408897987385,-304.5244739410003,-317.0637665860159,10.751456080867312,16,-309.3308961145148,-315.6323243175126,-315.19815749423424,-313.48706512833905,-316.78946055672054,-314.08758072226425,2.604090459929891
34,2.0245753288269044,0.07214159020921951,0.001920318603515625,0.00011222224490984553,0.01,False,random,0.1,"{'alpha': 0.01, 'positive': False, 'selection': 'random', 'tol': 0.1}",-336.4526373155787,-311.43421056441,-314.099150052385,-318.53274119869235,-304.38944864015485,-316.9816375542442,10.762635887883034,15,-309.335544096897,-315.53793223130265,-315.21789759503866,-313.37819395184937,-316.6777508890142,-314.02946375282033,2.5752013899326167
35,0.01702151298522949,0.00037298940745387387,0.0018065929412841796,0.00015127876594304968,0.01,False,random,1,"{'alpha': 0.01, 'positive': False, 'selection': 'random', 'tol': 1}",-463.1880407241873,-442.3718461797698,-459.3267319565031,-442.41548089882946,-436.6520838625198,-448.7908367243619,10.464057472222116,38,-427.1868127141863,-452.31932994796045,-467.3015202124633,-449.53243489395885,-443.2870299903696,-447.9254255517877,13.03017033641618
36,0.06883811950683594,0.017711838565877856,0.0018944740295410156,0.00017993973149055858,0.1,True,cyclic,0.01,"{'alpha': 0.1, 'positive': True, 'selection': 'cyclic', 'tol': 0.01}",-522.4951191929916,-485.5354220366231,-494.7962381047241,-500.1054293778415,-500.9767396784058,-500.78178967811726,12.167519889256521,61,-494.6361113610109,-503.6521298155826,-501.2531277161291,-500.0863027162812,-499.7706616619317,-499.8796666541871,2.9552436872734464
37,0.05216398239135742,0.0026551892037852817,0.001892232894897461,0.00013321012497192805,0.1,True,cyclic,0.1,"{'alpha': 0.1, 'positive': True, 'selection': 'cyclic', 'tol': 0.1}",-522.489591569292,-485.5217345039125,-494.8126967842826,-500.10527512052755,-500.981006431395,-500.7820608818819,12.167377496692943,62,-494.6341523735125,-503.6548167951795,-501.24834408429587,-500.0854867806417,-499.76680017405323,-499.8779200415365,2.9561983044781694
38,0.017107152938842775,0.00046369989179764065,0.002108144760131836,0.00016832232812564386,0.1,True,cyclic,1,"{'alpha': 0.1, 'positive': True, 'selection': 'cyclic', 'tol': 1}",-617.1333188425112,-569.8872096919207,-592.1207708197327,-585.4908970732077,-589.834446224374,-590.8933285303492,15.242101116298398,80,-583.3919993567129,-594.9112430421156,-593.6709720547351,-589.0196738969654,-589.2734395732405,-590.0534655847539,4.067841025047986
39,0.11002721786499023,0.009857923462689376,0.0017212390899658202,0.00010951264791161866,0.1,True,random,0.01,"{'alpha': 0.1, 'positive': True, 'selection': 'random', 'tol': 0.01}",-522.44274486636,-485.53717269420855,-494.7927704409274,-500.102552331665,-500.9820901135563,-500.77146608934345,12.148782892383883,60,-494.6352470186323,-503.6520703454125,-501.25545853438643,-500.08340718378224,-499.7741215435453,-499.8800609251518,2.9556867025284737
40,0.10879883766174317,0.017228675350107338,0.0018526077270507812,0.0001768184323984115,0.1,True,random,0.1,"{'alpha': 0.1, 'positive': True, 'selection': 'random', 'tol': 0.1}",-522.4423625477014,-485.5141371262316,-494.79062106489596,-500.0985816962262,-500.98224860655347,-500.7655902083217,12.154681218774204,59,-494.63140406426226,-503.66904248171494,-501.2531136848209,-500.08890320260053,-499.7713088313023,-499.8827544529401,2.961265263345395
41,0.01616702079772949,0.00048808806945349045,0.001887941360473633,0.00010241809483197144,0.1,True,random,1,"{'alpha': 0.1, 'positive': True, 'selection': 'random', 'tol': 1}",-539.3162750339702,-613.1490050101867,-526.885222874158,-575.2128542135877,-581.1214020841322,-567.1369518432068,30.89364280041958,75,-514.1486985365076,-641.0848664721356,-538.3010754866061,-568.1246043348292,-579.6389122017814,-568.2596314063719,43.031451881058466
42,1.895305871963501,0.07084019439967819,0.0020721435546875,4.558957254467361e-05,0.1,False,cyclic,0.01,"{'alpha': 0.1, 'positive': False, 'selection': 'cyclic', 'tol': 0.01}",-347.6432150495086,-320.60730869543835,-322.9808138190237,-326.03029784507754,-312.39415971668524,-325.9311590251467,11.76198516200699,17,-318.23103047884126,-324.6362858864493,-324.46119368928674,-323.12914064047214,-326.74771603618643,-323.44107334624715,2.851137075014375
43,1.9830570697784424,0.0871832680688397,0.002289104461669922,0.0002382988820016132,0.1,False,cyclic,0.1,"{'alpha': 0.1, 'positive': False, 'selection': 'cyclic', 'tol': 0.1}",-347.6432150495086,-320.60730869543835,-322.9808138190237,-326.03029784507754,-312.39415971668524,-325.9311590251467,11.76198516200699,17,-318.23103047884126,-324.6362858864493,-324.46119368928674,-323.12914064047214,-326.74771603618643,-323.44107334624715,2.851137075014375
44,0.018388700485229493,0.00042203955284593714,0.0019755840301513674,0.00016691632789048261,0.1,False,cyclic,1,"{'alpha': 0.1, 'positive': False, 'selection': 'cyclic', 'tol': 1}",-477.2779839763386,-429.6302199709562,-437.036222891266,-436.4028107846966,-436.8253930257616,-443.4345261298038,17.14644250537831,37,-434.3934774615541,-446.0369702018246,-443.7825544898477,-443.6991491660024,-444.0078349860039,-442.38399726104655,4.086931704456865
45,1.8025317668914795,0.06500005632327822,0.001999044418334961,0.00011011517393948083,0.1,False,random,0.01,"{'alpha': 0.1, 'positive': False, 'selection': 'random', 'tol': 0.01}",-347.81969941500495,-320.71878859743816,-323.3019708043638,-326.05289398129304,-312.7485727248453,-326.12838510458903,11.71998760158722,19,-318.48620812507875,-324.9421480624173,-324.73265248029867,-323.40497788784864,-327.014019944919,-323.71600130011245,2.8587205076041204
46,1.8605162620544433,0.12595637686842395,0.0020074367523193358,5.7753504022366555e-05,0.1,False,random,0.1,"{'alpha': 0.1, 'positive': False, 'selection': 'random', 'tol': 0.1}",-347.8779080979283,-320.6619944192612,-323.32818883708853,-326.0759585899616,-312.77921989899033,-326.14465396864597,11.73853409540621,20,-318.4608411159701,-324.93599075105834,-324.73789070285005,-323.45864777387567,-327.01483997199324,-323.7216420631495,2.8669757272208085
47,0.018564653396606446,0.0008782774728911024,0.0020842552185058594,0.00012231658516218265,0.1,False,random,1,"{'alpha': 0.1, 'positive': False, 'selection': 'random', 'tol': 1}",-542.0647242115913,-413.2986559223323,-438.2153021064014,-407.33825306364866,-406.90266944631,-441.5639209500567,51.54289205998816,35,-510.6121205989762,-422.5197330864307,-449.03734493195833,-413.3655836181478,-417.568362846297,-442.620629016362,36.19816821184037
48,1.1140180110931397,0.15073283848401955,0.0020596981048583984,0.00036504773088569633,0,True,cyclic,0.01,"{'alpha': 0, 'positive': True, 'selection': 'cyclic', 'tol': 0.01}",-521.6308275498063,-485.4944452310878,-495.22987843490944,-499.73643736472184,-500.85298789858876,-500.58891529582286,11.83318069564305,50,-494.4041914074669,-503.4197735296062,-501.02243090407615,-499.8571300314014,-499.558315601173,-499.6523682947447,2.9551496637318877
49,1.2582890510559082,0.21749866769951615,0.00234837532043457,0.0004946768157083665,0,True,cyclic,0.1,"{'alpha': 0, 'positive': True, 'selection': 'cyclic', 'tol': 0.1}",-521.6308275498063,-485.4944452310878,-495.22987843490944,-499.73643736472184,-500.85298789858876,-500.58891529582286,11.83318069564305,50,-494.4041914074669,-503.4197735296062,-501.02243090407615,-499.8571300314014,-499.558315601173,-499.6523682947447,2.9551496637318877
50,0.021610260009765625,0.0006903708417241153,0.0025318145751953127,0.00011801892096290547,0,True,cyclic,1,"{'alpha': 0, 'positive': True, 'selection': 'cyclic', 'tol': 1}",-619.0966210657523,-571.7387530291288,-594.2542512853382,-587.3697768297261,-591.5846384899198,-592.808808139973,15.285073042725182,84,-585.3163328888755,-596.7909633384184,-595.5464538793922,-590.8658260194438,-591.1283541794795,-591.9295860611219,4.055203997870173
51,1.2610751152038575,0.1095188104249582,0.00283198356628418,0.0010728342193257006,0,True,random,0.01,"{'alpha': 0, 'positive': True, 'selection': 'random', 'tol': 0.01}",-521.6305747889353,-485.4944452310878,-495.22987843490944,-499.7364373647217,-500.85477902023325,-500.58922296797743,11.833098820727907,54,-494.404191514454,-503.41977352960606,-501.0224309040761,-499.85713003140137,-499.5583283049655,-499.6523708569006,2.9551495448716194
52,1.2356298923492433,0.08237017836562965,0.0023143768310546877,0.0001747809121418558,0,True,random,0.1,"{'alpha': 0, 'positive': True, 'selection': 'random', 'tol': 0.1}",-521.630529193331,-485.4944452310877,-495.22987843490944,-499.7364373647217,-500.8584935509866,-500.5899567550074,11.833099371332152,56,-494.40419157127104,-503.4197735296061,-501.02243090407615,-499.85713003140137,-499.5584299115294,-499.6523911895768,2.955148878279364
53,0.02377324104309082,0.0059792004216974014,0.0025081634521484375,0.00020907773338799888,0,True,random,1,"{'alpha': 0, 'positive': True, 'selection': 'random', 'tol': 1}",-570.0228757017375,-518.4386818905924,-593.1609160452628,-575.8388848730625,-561.7143492586902,-563.835141553869,24.93076519883274,74,-541.4256990907242,-542.5122622542209,-600.7576406478164,-565.5095804773707,-558.3331264799539,-561.7076617900173,21.589647043585682
54,2.324413537979126,0.05872780004744435,0.00211186408996582,2.0721523680801496e-05,0,False,cyclic,0.01,"{'alpha': 0, 'positive': False, 'selection': 'cyclic', 'tol': 0.01}",-335.00449314713313,-309.3101409395567,-311.3706074526949,-317.9566532222369,-304.2433014995546,-315.57703925223524,10.66311607248825,9,-307.3468660558708,-313.8690664914145,-313.4495638513614,-311.78892461950454,-315.2876227673317,-312.34840875709654,2.73833428846555
55,2.42865252494812,0.15226718555790444,0.002353382110595703,0.0004670153059509697,0,False,cyclic,0.1,"{'alpha': 0, 'positive': False, 'selection': 'cyclic', 'tol': 0.1}",-335.00449314713313,-309.3101409395567,-311.3706074526949,-317.9566532222369,-304.2433014995546,-315.57703925223524,10.66311607248825,9,-307.3468660558708,-313.8690664914145,-313.4495638513614,-311.78892461950454,-315.2876227673317,-312.34840875709654,2.73833428846555
56,0.02000393867492676,0.0013804564253055594,0.0021747589111328126,8.473781357980236e-05,0,False,cyclic,1,"{'alpha': 0, 'positive': False, 'selection': 'cyclic', 'tol': 1}",-475.67176827478016,-428.4682335715959,-435.47344696540694,-434.30394380470017,-433.724592885714,-441.52839710043946,17.240024207237944,32,-432.559100027331,-443.8352505976266,-441.8325558688918,-441.79130363498547,-442.22803431253266,-440.44924888827353,4.014926732953684
57,2.186520481109619,0.09864584611950185,0.001991462707519531,6.361147094068341e-05,0,False,random,0.01,"{'alpha': 0, 'positive': False, 'selection': 'random', 'tol': 0.01}",-335.21371029049465,-309.2091376749404,-311.1623198878098,-316.8684868498645,-303.5443563634827,-315.19960221331837,10.875474866290045,1,-307.3794773996205,-313.71397888424013,-313.14625494373195,-311.5769245948107,-314.86500661511786,-312.1363284875042,2.603658254567523
58,2.012099552154541,0.0687452632782103,0.0019514083862304688,2.2243009583775895e-05,0,False,random,0.1,"{'alpha': 0, 'positive': False, 'selection': 'random', 'tol': 0.1}",-335.12447065114003,-309.25862818815375,-311.350186823083,-317.103878336438,-303.57828662661314,-315.2830901250856,10.823677247965119,3,-307.3773103403163,-313.7314227877868,-313.313763957326,-311.6811699241594,-314.7712925517547,-312.17499191226864,2.5969853474079305
59,0.017218875885009765,0.0007812919054815902,0.0018341541290283203,0.0002001980237660919,0,False,random,1,"{'alpha': 0, 'positive': False, 'selection': 'random', 'tol': 1}",-474.60402099143647,-440.59617058847056,-413.07137901149366,-426.9911385553339,-502.9777447115928,-451.64809077166547,32.802381097747265,39,-437.57422847952665,-452.46164814993284,-417.73557430676897,-428.9837714254522,-503.6570290921096,-448.08245029075806,30.01275170609709
60,0.05591416358947754,0.0016238360057879643,0.001997566223144531,3.3739927176782884e-05,1,True,cyclic,0.01,"{'alpha': 1, 'positive': True, 'selection': 'cyclic', 'tol': 0.01}",-535.1397972202085,-494.72904668154547,-502.38910156201007,-510.8221381361532,-511.0439869743244,-510.8248141148483,13.57572409014141,65,-504.2833186505589,-514.160123081116,-512.0163123959651,-510.1052115942578,-509.80950177488387,-510.07489349935634,3.288522441806164
61,0.0476935863494873,0.0017529165486943135,0.0020112514495849608,4.3096530751384833e-05,1,True,cyclic,0.1,"{'alpha': 1, 'positive': True, 'selection': 'cyclic', 'tol': 0.1}",-535.0676700902261,-494.6977065311816,-502.38591959285384,-510.7945362469999,-511.0257294530632,-510.794312382865,13.557663792523847,63,-504.2521567522476,-514.1310609639247,-511.9894894169487,-510.07536147471853,-509.78030210225853,-510.04567414201966,3.2895273432651146
62,0.01569232940673828,0.0002492479687244779,0.001981782913208008,4.092457514616762e-05,1,True,cyclic,1,"{'alpha': 1, 'positive': True, 'selection': 'cyclic', 'tol': 1}",-607.5276019208819,-560.6002047420384,-577.6644987779233,-578.6841119489765,-581.5434175977927,-581.2039669975225,15.076083749515847,79,-574.3741753136982,-585.9528249489867,-583.0816017760253,-579.3755784580131,-579.4035366727147,-580.4375434338876,3.908215635312029
63,0.07647676467895508,0.011011695441621875,0.0020172119140625,3.685349739810423e-05,1,True,random,0.01,"{'alpha': 1, 'positive': True, 'selection': 'random', 'tol': 0.01}",-535.0585495331953,-494.7312760019956,-502.35470550970126,-510.8063926976111,-511.0384928006295,-510.7978833086266,13.550358022480646,64,-504.24750738080814,-514.1846067814319,-511.9800178751532,-510.0974100426888,-509.8123903163935,-510.0643864792951,3.3029239788771347
64,0.053183984756469724,0.007925127876663959,0.0018615245819091797,0.00019152806572945828,1,True,random,0.1,"{'alpha': 1, 'positive': True, 'selection': 'random', 'tol': 0.1}",-535.5719520972733,-496.2249280180951,-502.0992143851891,-511.15401187671955,-511.344590160948,-511.2789393076449,13.4243137094783,66,-504.47356977452677,-515.6753857444165,-511.8913583950158,-510.3610253198258,-510.1580500223375,-510.5118778512245,3.610371044133623
65,0.0173980712890625,0.0009230098750398379,0.0020208835601806642,4.755369579819935e-05,1,True,random,1,"{'alpha': 1, 'positive': True, 'selection': 'random', 'tol': 1}",-577.7591387685693,-534.2876471439697,-535.7682055920877,-549.9280167726536,-563.7990578332209,-552.3084132221003,16.635907610731262,72,-542.3163221479576,-556.2604354976185,-549.2105081663271,-546.2930224145866,-562.8030161001956,-551.376660865337,7.308052869254776
66,1.4851163387298585,0.02357882041373974,0.0018991947174072266,8.351927717398343e-05,1,False,cyclic,0.01,"{'alpha': 1, 'positive': False, 'selection': 'cyclic', 'tol': 0.01}",-359.2940711058006,-330.98111469802683,-337.56191305092443,-339.00730469031066,-326.273395807605,-338.62355987053354,11.309092884750882,21,-331.15215563784756,-338.122133367666,-337.1941795204398,-336.71798448555944,-340.10188949147545,-336.65766850059765,2.98695395194641
67,1.268526554107666,0.06842335076078701,0.0016525745391845702,6.997503657084095e-05,1,False,cyclic,0.1,"{'alpha': 1, 'positive': False, 'selection': 'cyclic', 'tol': 0.1}",-359.34263181097384,-330.99911579468795,-337.6283333589835,-339.14408687655776,-326.2658350968297,-338.6760005876066,11.32583882236286,22,-331.2079558682559,-338.1437192803956,-337.20756221733217,-336.7608566851364,-340.1080433459002,-336.68562747940405,2.970586596852314
68,0.016664648056030275,0.00028057159168325395,0.001998710632324219,3.278212980515314e-05,1,False,cyclic,1,"{'alpha': 1, 'positive': False, 'selection': 'cyclic', 'tol': 1}",-499.16804264713437,-449.29424398479125,-459.58154279903096,-458.5465632291818,-461.1674819983222,-465.5515749316921,17.310687188243968,41,-456.7996454471602,-468.2390663292529,-465.9213085106427,-466.2056227785483,-465.6709685950303,-464.5673223321269,3.9888306599216317
69,1.5532515048980713,0.08642133762686012,0.0019559860229492188,7.978498835732761e-05,1,False,random,0.01,"{'alpha': 1, 'positive': False, 'selection': 'random', 'tol': 0.01}",-359.69467950784684,-331.45529968157734,-338.2210239670253,-339.57608660869784,-326.6286626174673,-339.1151504765229,11.305880175724552,23,-331.73448785128693,-338.63237587828763,-337.7820568890869,-337.16404434728963,-340.6218610825392,-337.1869652096981,2.965531671553391
70,1.293854331970215,0.08135409522387307,0.001755666732788086,0.00020610281030075117,1,False,random,0.1,"{'alpha': 1, 'positive': False, 'selection': 'random', 'tol': 0.1}",-359.85631505892945,-331.61629869620447,-338.23482445482813,-339.99978018217956,-326.8944650653429,-339.3203366914969,11.288231702824097,24,-331.936794694861,-338.74316707220186,-337.76376381392595,-337.4902536933033,-340.78019335332675,-337.34283452552376,2.9394063169264886
71,0.0175168514251709,0.0012044170006754737,0.0019353866577148438,7.078142893352598e-05,1,False,random,1,"{'alpha': 1, 'positive': False, 'selection': 'random', 'tol': 1}",-451.97424810691155,-467.38689248346276,-477.8547106819691,-441.796464220705,-453.88040522960296,-458.5785441445303,12.621291842162366,40,-415.84791126016825,-481.8255271167354,-497.77735555101043,-450.353444410698,-458.27604965127625,-460.81605759797765,28.09123513114744
72,0.041876602172851565,0.001433901484561993,0.0019422531127929687,3.585758360956459e-05,10,True,cyclic,0.01,"{'alpha': 10, 'positive': True, 'selection': 'cyclic', 'tol': 0.01}",-537.1536366235206,-497.74945336079116,-503.4786970641301,-513.1235233555068,-512.9773795892429,-512.8965379986382,13.465472827242818,67,-506.1842913692892,-516.2320947621199,-514.5189023103065,-512.2483493728496,-512.3491080981773,-512.3065491825486,3.399754510853875
73,0.0219327449798584,0.0005201295613618388,0.0019797801971435545,4.935607806079382e-05,10,True,cyclic,0.1,"{'alpha': 10, 'positive': True, 'selection': 'cyclic', 'tol': 0.1}",-553.910576212689,-509.8399466702883,-514.1968751629353,-521.7437664860535,-523.0160948340298,-524.5414518731992,15.465081601055669,69,-518.7089066488656,-527.4116984175236,-525.5053303712102,-523.1452915310658,-523.298377318114,-523.6139208573559,2.9113189417073224
74,0.01696457862854004,8.235222073426927e-05,0.0018794536590576172,0.00014334894019681362,10,True,cyclic,1,"{'alpha': 10, 'positive': True, 'selection': 'cyclic', 'tol': 1}",-576.2682494193405,-526.0661256027519,-532.3122979918786,-542.7286671498705,-541.5842153574046,-543.7919111042492,17.359158662954997,71,-536.3210012916952,-547.5809055263023,-545.6674970899488,-542.4401677560681,-543.0295029768799,-543.0078149281788,3.8216027295575365
75,0.047142410278320314,0.0045378300208192435,0.0019039630889892579,0.00011364515121803857,10,True,random,0.01,"{'alpha': 10, 'positive': True, 'selection': 'random', 'tol': 0.01}",-537.4918194156734,-497.80046348531334,-503.4000535702077,-513.4618858756447,-512.7875950757809,-512.988363484524,13.588906338463154,68,-506.237823759192,-516.2691607668589,-514.5117081510177,-512.429305815743,-512.270712825123,-512.3437422635869,3.3883294325536344
76,0.02179880142211914,0.002104899569629523,0.0019547462463378905,6.393289223021138e-05,10,True,random,0.1,"{'alpha': 10, 'positive': True, 'selection': 'random', 'tol': 0.1}",-553.3968785744038,-520.9008945825756,-508.6954518550931,-519.1330617659111,-535.5847101848265,-527.542199392562,15.512361737555304,70,-520.3022977391814,-536.3746049277416,-519.1215826587394,-519.8451972752505,-540.0674117794255,-527.1422188760678,9.128627657304126
77,0.01567554473876953,0.0009014885120479157,0.0018528938293457032,0.0001686930045686511,10,True,random,1,"{'alpha': 10, 'positive': True, 'selection': 'random', 'tol': 1}",-655.0111011866101,-532.3761015969345,-562.5381117717053,-540.9605820882932,-580.7536639915235,-574.3279121270132,43.734196681620695,77,-612.6136451058122,-548.6941395325348,-579.0075090970421,-539.7772382729914,-577.2221671010037,-571.462939821877,25.713310634870396
78,0.9793375968933106,0.020916357915552852,0.0017403125762939452,6.27026539628079e-05,10,False,cyclic,0.01,"{'alpha': 10, 'positive': False, 'selection': 'cyclic', 'tol': 0.01}",-413.4292280013433,-376.74691717522273,-387.2799980556538,-390.01913580944654,-380.1950250874268,-389.53406082581864,12.860977741383355,26,-382.6197701082926,-390.73728887468747,-387.91768145269606,-388.16976195971466,-391.3691996441914,-388.16274040791643,3.088504608313915
79,0.4271352291107178,0.027592995898691415,0.00175018310546875,6.892456389477628e-05,10,False,cyclic,0.1,"{'alpha': 10, 'positive': False, 'selection': 'cyclic', 'tol': 0.1}",-413.3451720905562,-376.741009230756,-387.10821809936596,-390.04928397613367,-380.0443400626205,-389.45760469188644,12.859291808378455,25,-382.5700124710408,-390.64879184769933,-387.88307402048304,-388.1060505392692,-391.21973075357863,-388.08553192641426,3.061237292077031
80,0.020103883743286134,0.000419299656132285,0.0020110607147216797,5.27272808112369e-05,10,False,cyclic,1,"{'alpha': 10, 'positive': False, 'selection': 'cyclic', 'tol': 1}",-465.6981449125393,-425.57631890107587,-435.20462830756765,-432.16934672438055,-433.35813436515537,-438.40131464214375,14.029165003841765,30,-431.54379398281304,-440.50801024240275,-438.1072596889764,-437.6489087298226,-439.1692443994643,-437.39544340869577,3.086978144997601
81,1.1743025302886962,0.05489125272243125,0.0018944740295410156,7.32596321987569e-05,10,False,random,0.01,"{'alpha': 10, 'positive': False, 'selection': 'random', 'tol': 0.01}",-413.42181740521715,-376.7620082988366,-387.24337795923554,-390.0533229102252,-380.2041244365802,-389.5369302020189,12.855463998757749,27,-382.6234771047622,-390.7369370333216,-387.92468488914085,-388.17057936913557,-391.3828779202731,-388.1677112633266,3.0898485444668737
82,0.3662156105041504,0.0684192894510761,0.0017862319946289062,0.00011662933918922766,10,False,random,0.1,"{'alpha': 10, 'positive': False, 'selection': 'random', 'tol': 0.1}",-414.23292575828714,-377.13843791996845,-387.1246247330707,-391.1626274241008,-380.72334440175973,-390.07639204743737,13.025368445935845,28,-383.6958484017331,-391.034028000166,-388.1759055278587,-388.8900723280248,-391.8661704524048,-388.7324049420375,2.857250684204836
83,0.017755651473999025,0.0013217609987980744,0.0020563602447509766,4.9169287327078454e-05,10,False,random,1,"{'alpha': 10, 'positive': False, 'selection': 'random', 'tol': 1}",-538.1600086058966,-417.5790829206558,-451.24488345229776,-488.8026905798499,-520.0692230010023,-483.17117771194046,44.13289560108504,42,-501.47128028453704,-431.49281807657593,-462.21733184572315,-489.4038953157487,-522.5832179118503,-481.433708686887,31.691235235433314
